<?xml version="1.0" encoding="utf-8"?>
<AxMenuItemOutput xmlns:i="http://www.w3.org/2001/XMLSchema-instance" xmlns="Microsoft.Dynamics.AX.Metadata.V1">
	<Name>BankPaymAdviceVendV2BWFASVPA</Name>
	<ConfigurationKey>Bank</ConfigurationKey>
	<Label>@SYS55191</Label>
	<MaintainUserLicense>Enterprise</MaintainUserLicense>
	<Object>BankPaymAdviceVendControllerV2BWFASVPA</Object>
	<ObjectType>Class</ObjectType>
	<SubscriberAccessLevel>
		<Read xmlns="">Allow</Read>
	</SubscriberAccessLevel>
	<ViewUserLicense>Universal</ViewUserLicense>
</AxMenuItemOutput>