<?xml version="1.0" encoding="utf-8"?>
<AxTableExtension xmlns:i="http://www.w3.org/2001/XMLSchema-instance">
	<Name>LedgerJournalTrans.BoweryASVPA</Name>
	<FieldGroupExtensions>
		<AxTableFieldGroupExtension>
			<Name>AutoReport</Name>
			<Fields>
				<AxTableFieldGroupField>
					<DataField>EmailItemIdBWFASVPA</DataField>
				</AxTableFieldGroupField>
			</Fields>
		</AxTableFieldGroupExtension>
	</FieldGroupExtensions>
	<FieldGroups />
	<FieldModifications />
	<Fields>
		<AxTableField xmlns=""
			i:type="AxTableFieldInt64">
			<Name>EmailItemIdBWFASVPA</Name>
			<AllowEdit>No</AllowEdit>
			<AllowEditOnCreate>No</AllowEditOnCreate>
			<ExtendedDataType>SysEmailItemId</ExtendedDataType>
			<FeatureClass>AutoSendVendPaymAdviceFeatureBWFASVPA</FeatureClass>
		</AxTableField>
	</Fields>
	<FullTextIndexes />
	<Indexes />
	<Mappings />
	<PropertyModifications />
	<RelationExtensions />
	<RelationModifications />
	<Relations />
</AxTableExtension>