<?xml version="1.0" encoding="utf-8"?>
<AxTableExtension xmlns:i="http://www.w3.org/2001/XMLSchema-instance">
	<Name>VendParameters.BoweryASVPA</Name>
	<FieldGroupExtensions>
		<AxTableFieldGroupExtension>
			<Name>AutoReport</Name>
			<Fields>
				<AxTableFieldGroupField>
					<DataField>SendPaymentAdviceBWFASVPA</DataField>
				</AxTableFieldGroupField>
			</Fields>
		</AxTableFieldGroupExtension>
	</FieldGroupExtensions>
	<FieldGroups>
		<AxTableFieldGroup>
			<Name>PaymentAdviseGeneralBWFASVPA</Name>
			<Label>@BoweryASVPA:TPaymentAdvice</Label>
			<Fields>
				<AxTableFieldGroupField>
					<DataField>SendPaymentAdviceBWFASVPA</DataField>
				</AxTableFieldGroupField>
				<AxTableFieldGroupField>
					<DataField>PaymAdviceEmailIdBWFASVPA</DataField>
				</AxTableFieldGroupField>
				<AxTableFieldGroupField>
					<DataField>VendParametersBWFASVPA_Extension.vendPaymAdviceReportFormat</DataField>
				</AxTableFieldGroupField>
				<AxTableFieldGroupField>
					<DataField>VendParametersBWFASVPA_Extension.vendPaymAdviceFileFormat</DataField>
				</AxTableFieldGroupField>
				<AxTableFieldGroupField>
					<DataField>StopPaymentAdviceBWFASVPA</DataField>
				</AxTableFieldGroupField>
			</Fields>
		</AxTableFieldGroup>
	</FieldGroups>
	<FieldModifications />
	<Fields>
		<AxTableField xmlns=""
			i:type="AxTableFieldEnum">
			<Name>SendPaymentAdviceBWFASVPA</Name>
			<ExtendedDataType>SendPaymentAdviceBWFASVPA</ExtendedDataType>
			<FeatureClass>AutoSendVendPaymAdviceFeatureBWFASVPA</FeatureClass>
			<EnumType>NoYes</EnumType>
		</AxTableField>
		<AxTableField xmlns=""
			i:type="AxTableFieldString">
			<Name>PaymAdviceEmailIdBWFASVPA</Name>
			<ExtendedDataType>SysEmailId</ExtendedDataType>
		</AxTableField>
		<AxTableField xmlns=""
			i:type="AxTableFieldEnum">
			<Name>StopPaymentAdviceBWFASVPA</Name>
			<ExtendedDataType>StopPaymentAdviceBWFASVPA</ExtendedDataType>
			<FeatureClass>AutoSendVendPaymAdviceFeatureBWFASVPA</FeatureClass>
			<EnumType>NoYes</EnumType>
		</AxTableField>
	</Fields>
	<FullTextIndexes />
	<Indexes />
	<Mappings />
	<PropertyModifications />
	<RelationExtensions />
	<RelationModifications />
	<Relations />
</AxTableExtension>