<?xml version="1.0" encoding="utf-8"?>
<AxSecurityPrivilege xmlns:i="http://www.w3.org/2001/XMLSchema-instance">
	<Name>SendPaymAdviceMaintainBWFASVPA</Name>
	<Label>@BoweryASVPA:SPSendPaymAdvice</Label>
	<DataEntityPermissions />
	<DirectAccessPermissions />
	<EntryPoints>
		<AxSecurityEntryPointReference>
			<Name>SendPaymAdviceBWFASVPA</Name>
			<Grant>
				<Correct>Allow</Correct>
				<Create>Allow</Create>
				<Delete>Allow</Delete>
				<Read>Allow</Read>
				<Update>Allow</Update>
			</Grant>
			<ObjectName>SendPaymAdviceBWFASVPA</ObjectName>
			<ObjectType>MenuItemAction</ObjectType>
			<Forms />
		</AxSecurityEntryPointReference>
	</EntryPoints>
	<FormControlOverrides />
</AxSecurityPrivilege>