<?xml version="1.0" encoding="utf-8"?>
<AxClass xmlns:i="http://www.w3.org/2001/XMLSchema-instance">
	<Name>AutoSendVendPaymAdviceFeatureBWFASVPA</Name>
	<SourceCode>
		<Declaration><![CDATA[
using System.ComponentModel.Composition;
using Microsoft.Dynamics.ApplicationPlatform.FeatureExposure;
using Microsoft.Dynamics.BusinessPlatform.SharedTypes;

/// <summary>
/// The <c>BankPaymAdviceReportV2Feature</c> class defines the feature flag for
/// batchable print management managed bank payment advice customer and vendor reports.
/// </summary>
[Export(identifierStr(Microsoft.Dynamics.ApplicationPlatform.FeatureExposure.IFeatureMetadata))]
[InternalUseOnly]
public final class AutoSendVendPaymAdviceFeatureBWFASVPA implements IFeatureMetadata
{
    private static AutoSendVendPaymAdviceFeatureBWFASVPA instance;

}
]]></Declaration>
		<Methods>
			<Method>
				<Name>new</Name>
				<Source><![CDATA[
    private void new()
    {
    }

]]></Source>
			</Method>
			<Method>
				<Name>TypeNew</Name>
				<Source><![CDATA[
    private static void TypeNew()
    {
        instance = new AutoSendVendPaymAdviceFeatureBWFASVPA();
    }

]]></Source>
			</Method>
			<Method>
				<Name>instance</Name>
				<Source><![CDATA[
    /// <summary>
    /// Returns the instance of the feature.
    /// </summary>
    /// <returns>true / false</returns>
    [Hookable(false)]
    public static AutoSendVendPaymAdviceFeatureBWFASVPA instance()
    {
        return AutoSendVendPaymAdviceFeatureBWFASVPA::instance;
    }

]]></Source>
			</Method>
			<Method>
				<Name>label</Name>
				<Source><![CDATA[
    /// <summary>
    /// Feature label.
    /// </summary>
    /// <returns>label id string</returns>
    [Hookable(false)]
    public FeatureLabelId label()
    {
        return literalStr("@BoweryASVPA:FAutoSendVendPaymAdviceLabel");
    }

]]></Source>
			</Method>
			<Method>
				<Name>module</Name>
				<Source><![CDATA[
    /// <summary>
    /// Returns module id.
    /// </summary>
    /// <returns>FeatureModuleV0 enum value.</returns>
    [Hookable(false)]
    public int module()
    {
        return FeatureModuleV0::AccountsPayable;
    }

]]></Source>
			</Method>
			<Method>
				<Name>summary</Name>
				<Source><![CDATA[
    /// <summary>
    /// Summary feature label id.
    /// </summary>
    /// <returns>label id string.</returns>
    [Hookable(false)]
    public FeatureLabelId summary()
    {
        return literalStr("@BoweryASVPA:FAutoSendVendPaymAdviceSummary");
    }

]]></Source>
			</Method>
			<Method>
				<Name>learnMoreUrl</Name>
				<Source><![CDATA[
    /// <summary>
    /// Web site url.
    /// </summary>
    /// <returns>Web site url string.</returns>
    [Hookable(false)]
    public WebSiteURL learnMoreUrl()
    {
        return '';
    }

]]></Source>
			</Method>
			<Method>
				<Name>isEnabledByDefault</Name>
				<Source><![CDATA[
    /// <summary>
    /// True if it should be enabled by default.
    /// </summary>
    /// <returns>true / false</returns>
    [Hookable(false)]
    public boolean isEnabledByDefault()
    {
        return false;
    }

]]></Source>
			</Method>
			<Method>
				<Name>canDisable</Name>
				<Source><![CDATA[
    /// <summary>
    /// True if it can be disabled.
    /// </summary>
    /// <returns>true / false</returns>
    [Hookable(false)]
    public boolean canDisable()
    {
        return true;
    }

]]></Source>
			</Method>
		</Methods>
	</SourceCode>
</AxClass>