<?xml version="1.0" encoding="utf-8"?>
<AxClass xmlns:i="http://www.w3.org/2001/XMLSchema-instance">
	<Name>AutoSendVendPaymAdviceFeatureExposureBWFASVPA</Name>
	<SourceCode>
		<Declaration><![CDATA[
using KernelStateProvider = Microsoft.Dynamics.ApplicationPlatform.FeatureExposure.FeatureStateProvider;

/// <summary>
/// Feature exposure.
/// </summary>
public static class AutoSendVendPaymAdviceFeatureExposureBWFASVPA
{
}
]]></Declaration>
		<Methods>
			<Method>
				<Name>isEnabled</Name>
				<Source><![CDATA[
    /// <summary>
    /// true if feature is enabled.
    /// </summary>
    /// <returns>true / false</returns>
    public static boolean isEnabled()
    {
        return KernelStateProvider::IsFeatureEnabled(AutoSendVendPaymAdviceFeatureBWFASVPA::instance());
    }

]]></Source>
			</Method>
		</Methods>
	</SourceCode>
</AxClass>