<?xml version="1.0" encoding="utf-8"?>
<AxClass xmlns:i="http://www.w3.org/2001/XMLSchema-instance">
	<Name>BankPaymAdviceVendDPBWFASVPA</Name>
	<SourceCode>
		<Declaration><![CDATA[
/// <summary>
/// The <c>BankPaymAdviceVendDP</c> class is the data provider for the <c>BankPaymAdviceVendV2</c> SSRS report.
/// </summary>
[SRSReportParameterAttribute(classStr(BankPaymAdviceContractBWFASVPA))]
public final class BankPaymAdviceVendDPBWFASVPA extends SRSReportDataProviderPreProcessTempDB
{
    private BankPaymAdviceVendV2Tmp bankPaymAdviceVendV2Tmp;

}
]]></Declaration>
		<Methods>
			<Method>
				<Name>getBankPaymAdviceVendTmp</Name>
				<Source><![CDATA[
    [SRSReportDataSet(tableStr(BankPaymAdviceVendTmp))]
    public BankPaymAdviceVendV2Tmp getBankPaymAdviceVendTmp()
    {
        select bankPaymAdviceVendV2Tmp;
        return bankPaymAdviceVendV2Tmp;
    }

]]></Source>
			</Method>
			<Method>
				<Name>processReport</Name>
				<Source><![CDATA[
    public void processReport()
    {
        BankPaymAdviceContractBWFASVPA contract = this.parmDataContract() as BankPaymAdviceContractBWFASVPA;

        guid reportExecutionContext = this.createExecutionContext();

        LedgerJournalTrans ledgerJournalTrans = LedgerJournalTrans::findRecId(contract.parmLedgerJournalTransRecId(), false);

        BankPaymAdviceReportGeneratorBWFASVPA reportGenerator = this.constructReportGenerator(ledgerJournalTrans, reportExecutionContext);

        reportGenerator.generateReportData(ledgerJournalTrans);

        this.copyReportDataToDPTmpTable(reportExecutionContext);

        reportGenerator.deleteReportData();
    }

]]></Source>
			</Method>
			<Method>
				<Name>createExecutionContext</Name>
				<Source><![CDATA[
    private guid createExecutionContext()
    {
        return newGuid();
    }

]]></Source>
			</Method>
			<Method>
				<Name>constructReportGenerator</Name>
				<Source><![CDATA[
    private BankPaymAdviceReportGeneratorBWFASVPA constructReportGenerator(LedgerJournalTrans _ledgerJournalTrans, guid _reportExecutionContext)
    {
        BankPaymAdviceReportGeneratorBWFASVPA reportGenerator = BankPaymAdviceReportGeneratorBWFASVPA::newForJournal(_ledgerJournalTrans.JournalNum);

        // Need to process the report data on the same SQL thread as the report generation
        reportGenerator.getBankPaymAdviceTmp().setConnection(this.parmUserConnection());

        // The original design of the report generator relied on unique session id.
        // A unique, non-session based identifier is required for parallel and batch executions.
        reportGenerator.parmExecutionContext(_reportExecutionContext);

        return reportGenerator;
    }

]]></Source>
			</Method>
			<Method>
				<Name>copyReportDataToDPTmpTable</Name>
				<Source><![CDATA[
    private void copyReportDataToDPTmpTable(guid _reportExecutionContext)
    {
        SysDaInsertObject insertObject = BankPaymAdviceVendDPTransferQueryGeneratorBWFASVPA::newQuery(bankPaymAdviceVendV2Tmp, _reportExecutionContext);

        SysDaInsertStatement insertStatement = new SysDaInsertStatement();
        insertStatement.insert(insertObject);
    }

]]></Source>
			</Method>
		</Methods>
	</SourceCode>
</AxClass>