<?xml version="1.0" encoding="utf-8"?>
<AxClass xmlns:i="http://www.w3.org/2001/XMLSchema-instance">
	<Name>BankPaymAdviceDefaultParametersBWFASVPA</Name>
	<SourceCode>
		<Declaration><![CDATA[
/// <summary>
/// The <c>BankPaymAdviceDefaultParameters</c> provides a set of pregenerated records and print settings for bank payment advice printing.
/// </summary>
public final class BankPaymAdviceDefaultParametersBWFASVPA
{
    internal List paymentList = new List(Types::Record);
    internal SRSPrintDestinationSettings printSettings = new SRSPrintDestinationSettings();
    internal BankPaymAdviceContractBWFASVPA bankPaymAdviceContract = new BankPaymAdviceContractBWFASVPA();

}
]]></Declaration>
		<Methods>
			<Method>
				<Name>buildContractForPaymentJournal</Name>
				<Source><![CDATA[
    private void buildContractForPaymentJournal(NoYes _shouldDefaultFromPrintMgmt)
    {
        ListEnumerator paymentListEnumerator = paymentList.getEnumerator();

        if (paymentListEnumerator.moveNext())
        {
            LedgerJournalTrans ledgerJournalTrans = paymentListEnumerator.current();

            bankPaymAdviceContract = BankPaymAdviceContractBWFASVPA::newFromPaymentLine(ledgerJournalTrans, _shouldDefaultFromPrintMgmt);
        }
    }

]]></Source>
			</Method>
			<Method>
				<Name>new</Name>
				<Source><![CDATA[
    private void new()
    {
    }

]]></Source>
			</Method>
			<Method>
				<Name>newForPaymAdvicePrintRun</Name>
				<Source><![CDATA[
    /// <summary>
    /// Initialized print management parameters for bank payment advice.
    /// </summary>
    /// <param name = "_paymentLines">List contains the payment lines record.</param>
    /// <param name = "_printSettings">The SrsPrintDestinationSettings instance.</param>
    /// <param name = "_shouldDefaultFromPrintMgmt">The boolean value.</param>
    /// <returns>returns the initialized BankPaymAdviceDefaultParameters instance.</returns>
    public static BankPaymAdviceDefaultParametersBWFASVPA newForPaymAdvicePrintRun(
        List _paymentLines,
        SRSPrintDestinationSettings _printSettings,
        NoYes _shouldDefaultFromPrintMgmt)
    {
        BankPaymAdviceDefaultParametersBWFASVPA parameters = new BankPaymAdviceDefaultParametersBWFASVPA();
        parameters.printSettings = _printSettings;
        parameters.paymentList = _paymentLines;

        parameters.buildContractForPaymentJournal(_shouldDefaultFromPrintMgmt);

        return parameters;
    }

]]></Source>
			</Method>
		</Methods>
	</SourceCode>
</AxClass>