<?xml version="1.0" encoding="utf-8"?>
<AxClass xmlns:i="http://www.w3.org/2001/XMLSchema-instance">
	<Name>BankPaymAdviceContractBWFASVPA</Name>
	<SourceCode>
		<Declaration><![CDATA[
#define.OrderGroup('Order')

/// <summary>​
/// The <c>BankPaymAdviceContract</c> class controls the operation of the <c>BankPaymAdviceContract</c> report.​
/// </summary>​
[DataContract]
[SysOperationContractProcessing(classStr(BankPaymAdviceUIBuilderBWFASVPA))]
[SysOperationGroup(#OrderGroup,"@ApplicationPlatform:SingleSpace", '1')]
public final class BankPaymAdviceContractBWFASVPA implements SysOperationValidatable
{
    private LedgerJournalId ledgerJournalId;
    private CustVendPaymStatus paymentStatus;
    private CustVendAC accountNum;
    private PaymMode paymMode;
    private CompanyBankAccountId companyBankAccountId;
    private NoYes shouldDefaultFromPrintMgmt;

    private RefRecId ledgerJournalTransRecId;

}
]]></Declaration>
		<Methods>
			<Method>
				<Name>parmLedgerJournalId</Name>
				<Source><![CDATA[
    [DataMember(identifierStr(LedgerJournalId)),
        SysOperationGroupMember(#OrderGroup),
        SysOperationDisplayOrder('1')]
    public LedgerJournalId parmLedgerJournalId(LedgerJournalId _ledgerJournalId = ledgerJournalId)
    {
        ledgerJournalId = _ledgerJournalId;
        return ledgerJournalId;
    }

]]></Source>
			</Method>
			<Method>
				<Name>parmPaymentStatus</Name>
				<Source><![CDATA[
    [DataMember(identifierStr(CustVendPaymStatus)),
        SysOperationGroupMember(#OrderGroup),
        SysOperationDisplayOrder('2')]
    public CustVendPaymStatus parmPaymentStatus(CustVendPaymStatus _paymentStatus = paymentStatus)
    {
        paymentStatus = _paymentStatus;
        return paymentStatus;
    }

]]></Source>
			</Method>
			<Method>
				<Name>parmAccountNum</Name>
				<Source><![CDATA[
    [DataMember(identifierStr(CustVendAC)),
        SysOperationGroupMember(#OrderGroup),
        SysOperationDisplayOrder('3')]
    public CustVendAC parmAccountNum(CustVendAC _accountNum = accountNum)
    {
        accountNum = _accountNum;
        return accountNum;
    }

]]></Source>
			</Method>
			<Method>
				<Name>parmPaymMode</Name>
				<Source><![CDATA[
    [DataMember(identifierStr(PaymMode)),
        SysOperationGroupMember(#OrderGroup),
        SysOperationDisplayOrder('4')]
    public PaymMode parmPaymMode(PaymMode _paymMode = paymMode)
    {
        paymMode = _paymMode;
        return paymMode;
    }

]]></Source>
			</Method>
			<Method>
				<Name>parmCompanyBankAccountId</Name>
				<Source><![CDATA[
    [DataMember(identifierStr(CompanyBankAccountId)),
        SysOperationGroupMember(#OrderGroup),
        SysOperationDisplayOrder('5')]
    public CompanyBankAccountId parmCompanyBankAccountId(CompanyBankAccountId _companyBankAccountId = companyBankAccountId)
    {
        companyBankAccountId = _companyBankAccountId;
        return companyBankAccountId;
    }

]]></Source>
			</Method>
			<Method>
				<Name>parmShouldDefaultFromPrintMgmt</Name>
				<Source><![CDATA[
    [DataMember(identifierStr(ShouldDefaultFromPrintMgmt)),
        SysOperationGroupMember(#OrderGroup),
        SysOperationDisplayOrder('6'),
        SysOperationLabel("@SYS70782")]
    public NoYes parmShouldDefaultFromPrintMgmt(NoYes _shouldDefaultFromPrintMgmt = shouldDefaultFromPrintMgmt)
    {
        shouldDefaultFromPrintMgmt = _shouldDefaultFromPrintMgmt;
        return shouldDefaultFromPrintMgmt;
    }

]]></Source>
			</Method>
			<Method>
				<Name>parmLedgerJournalTransRecId</Name>
				<Source><![CDATA[
    [DataMember(identifierStr(RefRecId))]
    public RefRecId parmLedgerJournalTransRecId(RefRecId _ledgerJournalTransRecId = ledgerJournalTransRecId)
    {
        ledgerJournalTransRecId = _ledgerJournalTransRecId;
        return ledgerJournalTransRecId;
    }

]]></Source>
			</Method>
			<Method>
				<Name>validate</Name>
				<Source><![CDATA[
    [Hookable(false)]
    public boolean validate()
    {
        return true;
    }

]]></Source>
			</Method>
			<Method>
				<Name>newFromPaymentLine</Name>
				<Source><![CDATA[
    /// <summary>
    /// new contract from payment line.
    /// </summary>
    /// <param name = "_ledgerJournalTrans">LedgerJournalTrans.</param>
    /// <param name = "_shouldDefaultFromPrintMgmt">NoYes.</param>
    /// <returns>true / false</returns>
    [Hookable(false)]
    public static BankPaymAdviceContractBWFASVPA newFromPaymentLine(LedgerJournalTrans _ledgerJournalTrans, NoYes _shouldDefaultFromPrintMgmt)
    {
        BankPaymAdviceContractBWFASVPA contract = new BankPaymAdviceContractBWFASVPA();

        contract.parmLedgerJournalId(_ledgerJournalTrans.JournalNum);
        contract.parmPaymentStatus(CustVendPaymStatus::Sent);
        contract.parmAccountNum(_ledgerJournalTrans.parmAccount());
        contract.parmPaymMode(_ledgerJournalTrans.PaymMode);
        contract.parmCompanyBankAccountId(_ledgerJournalTrans.parmOffsetAccount());
        contract.parmShouldDefaultFromPrintMgmt(_shouldDefaultFromPrintMgmt);
        contract.parmLedgerJournalTransRecId(_ledgerJournalTrans.RecId);

        return contract;
    }

]]></Source>
			</Method>
		</Methods>
	</SourceCode>
</AxClass>