<?xml version="1.0" encoding="utf-8"?>
<AxClass xmlns:i="http://www.w3.org/2001/XMLSchema-instance">
	<Name>BankPaymAdviceVendDPTransferQueryGeneratorBWFASVPA_Extension</Name>
	<SourceCode>
		<Declaration><![CDATA[
/// <summary>
/// Extension of BankPaymAdviceVendDPTransferQueryGenerator class
/// </summary>
[ExtensionOf(classStr(BankPaymAdviceVendDPTransferQueryGeneratorBWFASVPA))]
final internal class BankPaymAdviceVendDPTransferQueryGeneratorBWFASVPA_Extension
{
}
]]></Declaration>
		<Methods>
			<Method>
				<Name>addProjectionFields</Name>
				<Source><![CDATA[
    /// <summary>
    /// Adds <c>BankPaymAdviceVendTmp</c> fields to the projection of a query object.
    /// </summary>
    /// <param name = "_queryObject">
    /// The query object to add the fields.
    /// </param>
    public void addProjectionFields(SysDaQueryObject _queryObject) 
    {
        next addProjectionFields(_queryObject);

        _queryObject.projection()
            .add(fieldStr(BankPaymAdviceVendTmp, PaymentSubTypeBWFASVPA))
            .add(fieldStr(BankPaymAdviceVendTmp, BankChequeNum))
            .add(fieldStr(BankPaymAdviceVendTmp, BankPaymLineNumBWR));
    }

]]></Source>
			</Method>
			<Method>
				<Name>addInsertionFields</Name>
				<Source><![CDATA[
    /// <summary>
    /// Adds the <c>BankPaymAdviceVendV2Tmp</c> table fields to an insert object.
    /// </summary>
    /// <param name = "_insertObject">
    /// The insert object to add the fields.
    /// </param>
    public void addInsertionFields(SysDaInsertObject _insertObject)
    {
        next addInsertionFields(_insertObject);

        _insertObject.fields()
            .add(fieldStr(BankPaymAdviceVendV2Tmp, PaymentSubTypeBWFASVPA))
            .add(fieldStr(BankPaymAdviceVendV2Tmp, BankChequeNum))
            .add(fieldStr(BankPaymAdviceVendV2Tmp, BankPaymLineNumBWR));
    }

]]></Source>
			</Method>
		</Methods>
	</SourceCode>
</AxClass>