<?xml version="1.0" encoding="utf-8"?>
<AxClass xmlns:i="http://www.w3.org/2001/XMLSchema-instance">
	<Name>LedgerJournalCheckPostBWFASVPA_Handlers</Name>
	<SourceCode>
		<Declaration><![CDATA[
/// <summary>
/// LedgerJournalCheckPost class handlers.
/// </summary>
public class LedgerJournalCheckPostBWFASVPA_Handlers
{
}
]]></Declaration>
		<Methods>
			<Method>
				<Name>LedgerJournalCheckPost_runInternalPostPostJournalDelegate</Name>
				<Source><![CDATA[
    /// <summary>
    /// runInternalPostPostJournalDelegate handler.
    /// </summary>
    /// <param name="_ledgerJournalCheckPost">LedgerJournalCheckPost.</param>
    /// <param name="_postingSuccess">is posting success.</param>
    /// <param name="_intercompanyPostingSuccess">if intercompany posting success.</param>
    [SubscribesTo(classStr(LedgerJournalCheckPost), delegateStr(LedgerJournalCheckPost, runInternalPostPostJournalDelegate))]
    public static void LedgerJournalCheckPost_runInternalPostPostJournalDelegate(LedgerJournalCheckPost _ledgerJournalCheckPost, boolean _postingSuccess, boolean _intercompanyPostingSuccess)
    {
        SendPaymAdviceServiceBWFASVPA service = new SendPaymAdviceServiceBWFASVPA();
        
        service.sendPaymentAdvicesForJournal(_ledgerJournalCheckPost.ledgerJournalTable); 
    }

]]></Source>
			</Method>
		</Methods>
	</SourceCode>
</AxClass>