<?xml version="1.0" encoding="utf-8"?>
<AxClass xmlns:i="http://www.w3.org/2001/XMLSchema-instance">
	<Name>PrintMgmtReportFormatPopulatorBWFASVPA_Extension</Name>
	<SourceCode>
		<Declaration><![CDATA[
/// <summary>
/// Populates the <c>PrintMgmtReportFormat</c> table used for print management with the App suite documents.
/// </summary>
[ExtensionOf(classStr(PrintMgmtReportFormatPopulator))]
public final class PrintMgmtReportFormatPopulatorBWFASVPA_Extension
{
}
]]></Declaration>
		<Methods>
			<Method>
				<Name>addDocuments</Name>
				<Source><![CDATA[
    protected void addDocuments()
    {
        // Sales documents
        this.addPaymentDocumentsBWF();

        next addDocuments();
    }

]]></Source>
			</Method>
			<Method>
				<Name>addPaymentDocumentsBWF</Name>
				<Source><![CDATA[
    protected void addPaymentDocumentsBWF()
    {
        this.addOther(PrintMgmtDocumentType::VendPaymAdvice, ssrsReportStr(BankPaymAdviceVendV2ASVPA, Report), ssrsReportStr(BankPaymAdviceVendV2ASVPA, Report), countryRegionId);
    }

]]></Source>
			</Method>
		</Methods>
	</SourceCode>
</AxClass>