<?xml version="1.0" encoding="utf-8"?>
<AxClass xmlns:i="http://www.w3.org/2001/XMLSchema-instance">
	<Name>SendPaymAdviceContractBWFASVPA</Name>
	<SourceCode>
		<Declaration><![CDATA[
/// <summary>
/// SendPaymAdviceContract contract class.
/// </summary>
[DataContractAttribute]
public class SendPaymAdviceContractBWFASVPA
{
    protected container recordCon;
    
}
]]></Declaration>
		<Methods>
			<Method>
				<Name>parmRecordCon</Name>
				<Source><![CDATA[
    /// <summary>
    /// RecordCon parm method.
    /// </summary>
    /// <param name = "_recordCon">container.</param>
    /// <returns>container.</returns>
    [DataMemberAttribute, SysOperationControlVisibilityAttribute(false)]
    public container parmRecordCon(container _recordCon = recordCon)
    {
        recordCon = _recordCon;

        return recordCon;
    }

]]></Source>
			</Method>
			<Method>
				<Name>recordSet</Name>
				<Source><![CDATA[
    /// <summary>
    /// Returns record set.
    /// </summary>
    /// <returns>Set.</returns>
    public Set recordSet()
    {
        Set recSet = Set::create(recordCon);

        return recSet;
    }

]]></Source>
			</Method>
			<Method>
				<Name>recordSetEnumerator</Name>
				<Source><![CDATA[
    /// <summary>
    /// Returns record set enumerator.
    /// </summary>
    /// <returns>SetEnumerator.</returns>
    public SetEnumerator recordSetEnumerator()
    {
        return this.recordSet().getEnumerator();
    }

]]></Source>
			</Method>
		</Methods>
	</SourceCode>
</AxClass>