<?xml version="1.0" encoding="utf-8"?>
<AxClass xmlns:i="http://www.w3.org/2001/XMLSchema-instance">
	<Name>SendPaymAdviceServiceBWFASVPA</Name>
	<SourceCode>
		<Declaration><![CDATA[
/// <summary>
/// SendPaymAdviceService service class.
/// </summary>
public class SendPaymAdviceServiceBWFASVPA
{
}
]]></Declaration>
		<Methods>
			<Method>
				<Name>sendPaymentAdvices</Name>
				<Source><![CDATA[
    /// <summary>
    /// Sends payment advices.
    /// </summary>
    /// <param name = "_contract">SendPaymAdviceContractBWFASVPA contract object.</param>
    public void sendPaymentAdvices(SendPaymAdviceContractBWFASVPA _contract)
    {
        Set vendSet = new Set(Types::String);
        VendAccount vendAccount;

        SetEnumerator enumerator = _contract.recordSetEnumerator();

        while (enumerator.moveNext())
        {
            LedgerJournalTrans trans = enumerator.current();

            DimensionAttributeValueCombination dimensionAttributeValueCombination;

            select firstonly DisplayValue from dimensionAttributeValueCombination
                where dimensionAttributeValueCombination.RecId == trans.LedgerDimension;

            vendAccount = dimensionAttributeValueCombination.DisplayValue;

            vendSet.add(vendAccount);

            this.send(trans);
        }
    }

]]></Source>
			</Method>
			<Method>
				<Name>sendPaymentAdvicesForJournal</Name>
				<Source><![CDATA[
    /// <summary>
    /// Sends payment advices for journal.
    /// </summary>
    /// <param name = "_journal">LedgerJournalTable.</param>
    public void sendPaymentAdvicesForJournal(LedgerJournalTable _journal)
    {
        Set recordSet = new Set(Types::Record);

        LedgerJournalTrans trans;

        while select trans
            where trans.JournalNum == _journal.JournalNum
        {
            recordSet.add(trans);
        }

        SendPaymAdviceContractBWFASVPA contract = new SendPaymAdviceContractBWFASVPA();

        contract.parmRecordCon(recordSet.pack());

        this.sendPaymentAdvices(contract);
    }

]]></Source>
			</Method>
			<Method>
				<Name>send</Name>
				<Source><![CDATA[
    void send(LedgerJournalTrans _trans)
    {
        VendParameters vendParameters = VendParameters::find();

        if (_trans.BankPaymLineNumBWR == ''
            && !vendParameters.SendPaymentAdviceBWFASVPA)
        {
            return;
        }

        Filename fileName = strfmt('%1.pdf', _trans.BankPaymLineNumBWR);

        SrsReportRunController controller = new SrsReportRunController();

        BankPaymAdviceContractBWFASVPA contract = BankPaymAdviceContractBWFASVPA::newFromPaymentLine(_trans, NoYes::Yes);

        SRSPrintDestinationSettings settings;

        Array arrayFiles;

        System.Byte[] reportBytes = new System.Byte[0]();

        SRSProxy srsProxy;

        SRSReportRunService srsReportRunService = new SrsReportRunService();

        Microsoft.Dynamics.AX.Framework.Reporting.Shared.ReportingService.ParameterValue[] parameterValueArray;

        Map reportParametersMap;

        SRSReportExecutionInfo executionInfo = new SRSReportExecutionInfo();

        Args args = new Args();

        controller.parmReportName(ssrsReportStr(BankPaymAdviceVendV2ASVPA, Report));
        controller.parmShowDialog(false);
        controller.parmLoadFromSysLastValue(false);
        controller.parmReportContract().parmRdpContract(contract);
 
        settings = controller.parmReportContract().parmPrintSettings();

        settings.printMediumType(SRSPrintMediumType::File);
        settings.fileName(fileName);
        settings.fileFormat(SRSReportFileFormat::PDF);

        controller.parmReportContract().parmReportServerConfig(SRSConfiguration::getDefaultServerConfiguration());
        controller.parmReportContract().parmReportExecutionInfo(executionInfo);

        srsReportRunService.getReportDataContract(controller.parmreportcontract().parmReportName());
        srsReportRunService.preRunReport(controller.parmreportcontract());

        reportParametersMap = srsReportRunService.createParamMapFromContract(controller.parmReportContract());
        parameterValueArray = SrsReportRunUtil::getParameterValueArray(reportParametersMap);

        srsProxy = SRSProxy::constructWithConfiguration(controller.parmReportContract().parmReportServerConfig());

        reportBytes = srsproxy.renderReportToByteArray(
            controller.parmreportcontract().parmreportpath(),
            parameterValueArray,
            settings.fileFormat(),
            settings.deviceinfo());

        container binData;
        Binary binaryData;

        System.IO.MemoryStream mstream = new System.IO.MemoryStream(reportBytes);

        binaryData = Binary::constructFromMemoryStream(mstream);

        if(binaryData)
        {
            binData = binaryData.getContainer();
        }

        PrintMgmtSettings printMgmtSettings;
        PrintMgmtReportFormat printMgmtReportFormat;
        PrintMgmtDocInstance printMgmtDocInstance;

        select firstonly printMgmtSettings
            join printMgmtDocInstance
            where printMgmtDocInstance.RecId == printMgmtSettings.ParentId
                && printMgmtDocInstance.DocumentType == PrintMgmtDocumentType::VendPaymAdvice;

        //printMgmtSettings = PrintMgmtSettings::findByType(PrintMgmtDocumentType::VendPaymAdvice, ssrsReportStr(BankPaymAdviceVendV2ASVPA, Report));

        if (printMgmtSettings.RecId == 0)
        {
            Error("@BoweryASVPA:EWrongPrintMgmtSettings");

            return;
        }

        MailSenderAux mailSender = new MailSenderAux();

        SRSPrintDestinationSettings destinationSettings = printMgmtSettings.printDestinationSettingsAux();
        
        if (destinationSettings == null || destinationSettings.printMediumType() != SRSPrintMediumType::Email)
        {
            Error("@BoweryASVPA:EWrongPrintMgmtSettings");

            return;
        }
                
        SysEmailItemId emailItemId = mailSender.sendMail(
            destinationSettings.emailTo(),
            filename,
            destinationSettings.emailSubject(),
            '',
            binData,
            vendParameters.PaymAdviceEmailIdBWFASVPA,
            'en-US',
            (vendParameters.StopPaymentAdviceBWFASVPA ? SysEmailStatus::Suspended : SysEmailStatus::Unsent)
        );

        ttsbegin;

        LedgerJournalTrans transUpdate;

        select firstonly transUpdate
            where transUpdate.RecId == _trans.RecId;

        if (transUpdate.RecId != 0)
        {
            transUpdate.EmailItemIdBWFASVPA = emailItemId;
            transUpdate.update();
        }

        ttscommit;
    }

]]></Source>
			</Method>
		</Methods>
	</SourceCode>
</AxClass>