<?xml version="1.0" encoding="utf-8"?>
<AxClass xmlns:i="http://www.w3.org/2001/XMLSchema-instance">
	<Name>SendPaymAdviceControllerBWFASVPA</Name>
	<SourceCode>
		<Declaration><![CDATA[
/// <summary>
/// Send payment advice controller.
/// </summary>
[SysOperationJournaledParametersAttribute(true)]
public class SendPaymAdviceControllerBWFASVPA extends SysOperationServiceController
{
}
]]></Declaration>
		<Methods>
			<Method>
				<Name>main</Name>
				<Source><![CDATA[
    /// <summary>
    /// Entry point.
    /// </summary>
    /// <param name = "_args">arguments.</param>
    public static void main(Args _args)
    {
        var controller = SendPaymAdviceControllerBWFASVPA::construct();

        controller.parmArgs(_args);
        controller.parmLoadFromSysLastValue(false);
        controller.parmShowDialog(false);
        controller.loadSelectedRecords();
        controller.startOperation();
    }

]]></Source>
			</Method>
			<Method>
				<Name>loadSelectedRecords</Name>
				<Source><![CDATA[
    /// <summary>
    /// Loads selected records to contract.
    /// </summary>
    public void loadSelectedRecords()
    {
        Set recordSet;

        // Get marked records from calling form
        if (this.args && this.args.caller() is FormRun)
        {
            Common tableRecord;
            MultiSelectionHelper multiselectionHelper;

            recordSet = new Set(Types::Record);
            multiselectionHelper = MultiSelectionHelper::createFromCaller(this.args.caller());
        
            tableRecord = multiselectionHelper.getFirst();

            while (tableRecord)
            {
                recordSet.add(tableRecord);
            
                tableRecord = multiselectionHelper.getNext();
            }
        }

        // Put records from calling datasource into dataContract
        SendPaymAdviceContractBWFASVPA dataContract = this.getDataContractObject() as SendPaymAdviceContractBWFASVPA;

        if (dataContract != null)
        {
            dataContract.parmRecordCon(recordSet.pack());
        }
    }

]]></Source>
			</Method>
			<Method>
				<Name>construct</Name>
				<Source><![CDATA[
    /// <summary>
    /// Construct method.
    /// </summary>
    /// <param name = "_executionMode">batch execution mode.</param>
    /// <returns>class instance.</returns>
    public static SendPaymAdviceControllerBWFASVPA construct(SysOperationExecutionMode _executionMode = SysOperationExecutionMode::Synchronous)
    {
        var controller = new SendPaymAdviceControllerBWFASVPA();

        controller.parmExecutionMode(_executionMode);

        return controller;
    }

]]></Source>
			</Method>
			<Method>
				<Name>new</Name>
				<Source><![CDATA[
    /// <summary>
    /// Class constructor.
    /// </summary>
    protected void new()
    {
        super(classStr(SendPaymAdviceServiceBWFASVPA),
              methodStr(SendPaymAdviceServiceBWFASVPA,
                        sendPaymentAdvices),
              SysOperationExecutionMode::Synchronous);
    }

]]></Source>
			</Method>
		</Methods>
	</SourceCode>
</AxClass>