<?xml version="1.0" encoding="utf-8"?>
<AxClass xmlns:i="http://www.w3.org/2001/XMLSchema-instance">
	<Name>VendParametersBWFASVPA_Extension</Name>
	<SourceCode>
		<Declaration><![CDATA[
[ExtensionOf(tableStr(VendParameters))]
public final class VendParametersBWFASVPA_Extension
{
}
]]></Declaration>
		<Methods>
			<Method>
				<Name>vendPaymAdviceReportFormat</Name>
				<Source><![CDATA[
    public edit PrintMgmtReportFormatDescription vendPaymAdviceReportFormat(boolean _set, PrintMgmtReportFormatDescription value)
    {
        PrintMgmtReportFormatDescription res = value;
        
        if (_set)
        {
            ttsbegin;

            PrintMgmtSettings printMgmtSettings;
            PrintMgmtReportFormat printMgmtReportFormat;
            PrintMgmtDocInstance printMgmtDocInstance;

            select firstonly forupdate printMgmtSettings
                join printMgmtDocInstance
                where printMgmtDocInstance.RecId == printMgmtSettings.ParentId
                    && printMgmtDocInstance.DocumentType == PrintMgmtDocumentType::VendPaymAdvice;

            select firstonly printMgmtReportFormat
                where printMgmtReportFormat.Description == value;

            printMgmtSettings.ReportFormat = printMgmtReportFormat.RecId;
            printMgmtSettings.update();

            ttscommit; 
        }
        else
        {
            PrintMgmtSettings printMgmtSettings;
            PrintMgmtReportFormat printMgmtReportFormat;
            PrintMgmtDocInstance printMgmtDocInstance;

            select firstonly printMgmtSettings
                join printMgmtDocInstance
                where printMgmtDocInstance.RecId == printMgmtSettings.ParentId
                    && printMgmtDocInstance.DocumentType == PrintMgmtDocumentType::VendPaymAdvice;
            
            res = PrintMgmtReportFormat::find(printMgmtSettings.ReportFormat).Description;
        }

        return res;
    }

]]></Source>
			</Method>
			<Method>
				<Name>vendPaymAdviceFileFormat</Name>
				<Source><![CDATA[
    public edit SRSReportFileFormat vendPaymAdviceFileFormat(boolean _set, SRSReportFileFormat value)
    {
        SRSReportFileFormat res = value;
        
        if (_set)
        {
            ttsbegin;

            PrintMgmtSettings printMgmtSettings;
            PrintMgmtReportFormat printMgmtReportFormat;
            PrintMgmtDocInstance printMgmtDocInstance;

            select firstonly forupdate printMgmtSettings
                join printMgmtDocInstance
                where printMgmtDocInstance.RecId == printMgmtSettings.ParentId
                    && printMgmtDocInstance.DocumentType == PrintMgmtDocumentType::VendPaymAdvice;

            SRSPrintDestinationSettings destinationSettings = printMgmtSettings.printDestinationSettingsAux();

            destinationSettings.emailAttachmentFileFormat(value);

            printMgmtSettings.PrintJobSettings = destinationSettings.pack();
            printMgmtSettings.update();

            ttscommit;
        }
        else
        {
            PrintMgmtSettings printMgmtSettings;
            PrintMgmtReportFormat printMgmtReportFormat;
            PrintMgmtDocInstance printMgmtDocInstance;

            select firstonly printMgmtSettings
                join printMgmtDocInstance
                where printMgmtDocInstance.RecId == printMgmtSettings.ParentId
                    && printMgmtDocInstance.DocumentType == PrintMgmtDocumentType::VendPaymAdvice;

            SRSPrintDestinationSettings destinationSettings = printMgmtSettings.printDestinationSettingsAux();

            res = destinationSettings.emailAttachmentFileFormat();
        }

        return res;
    }

]]></Source>
			</Method>
		</Methods>
	</SourceCode>
</AxClass>