<?xml version="1.0" encoding="utf-8"?>
<AxClass xmlns:i="http://www.w3.org/2001/XMLSchema-instance">
	<Name>VendParametersFormBWFASVPA_Handlers</Name>
	<SourceCode>
		<Declaration><![CDATA[
public class VendParametersFormBWFASVPA_Handlers
{
}
]]></Declaration>
		<Methods>
			<Method>
				<Name>PaymentAdviseGeneralBWFASVPA_vendPaymAdviceReportFormat_OnLookup</Name>
				<Source><![CDATA[
    /// <summary>
    ///
    /// </summary>
    /// <param name="sender"></param>
    /// <param name="e"></param>
    [FormControlEventHandler(formControlStr(VendParameters, PaymentAdviseGeneralBWFASVPA_VendParametersBWFASVPA_Extension_vendPaymAdviceReportFormat), FormControlEventType::Lookup)]
    public static void PaymentAdviseGeneralBWFASVPA_vendPaymAdviceReportFormat_OnLookup(FormControl sender, FormControlEventArgs e)
    {
        Query                   query;
        QueryBuildDataSource    qbds;
        SysTableLookup          sysTableLookup;

        FormControlCancelableSuperEventArgs event = e as FormControlCancelableSuperEventArgs;

        query = new Query();
        qbds = query.addDataSource(tableNum(PrintMgmtReportFormat));

        QueryBuildRange range = qbds.addRange(fieldNum(PrintMgmtReportFormat, DocumentType));
        range.value(queryValue(PrintMgmtDocumentType::VendPaymAdvice));

        sysTableLookup = SysTableLookup::newParameters(tableNum(PrintMgmtReportFormat), sender);
        sysTableLookup.addLookupfield(fieldNum(PrintMgmtReportFormat, Description));
        sysTableLookup.parmQuery(query);
        sysTableLookup.performFormLookup();

        event.CancelSuperCall();
    }

]]></Source>
			</Method>
		</Methods>
	</SourceCode>
</AxClass>