<?xml version="1.0" encoding="utf-8"?>
<AxModelInfo xmlns:i="http://www.w3.org/2001/XMLSchema-instance">
	<AppliedUpdates xmlns:d2p1="http://schemas.microsoft.com/2003/10/Serialization/Arrays" />
	<Customization>Allow</Customization>
	<Description>Auto send vendor payment advice</Description>
	<DisplayName>BoweryASVPA</DisplayName>
	<Id>895972913</Id>
	<InternalsVisibleTo xmlns:d2p1="http://schemas.microsoft.com/2003/10/Serialization/Arrays" />
	<Layer>8</Layer>
	<Locked>false</Locked>
	<ModelModule>BoweryASVPA</ModelModule>
	<ModelReferences xmlns:d2p1="http://schemas.microsoft.com/2003/10/Serialization/Arrays"
		i:nil="true" />
	<ModuleReferences xmlns:d2p1="http://schemas.microsoft.com/2003/10/Serialization/Arrays">
		<d2p1:string>ApplicationCommon</d2p1:string>
		<d2p1:string>ApplicationFoundation</d2p1:string>
		<d2p1:string>ApplicationFoundationAux</d2p1:string>
		<d2p1:string>ApplicationPlatform</d2p1:string>
		<d2p1:string>ApplicationSuite</d2p1:string>
		<d2p1:string>BoweryBankIntegrations</d2p1:string>
		<d2p1:string>ContactPerson</d2p1:string>
		<d2p1:string>Currency</d2p1:string>
		<d2p1:string>Dimensions</d2p1:string>
		<d2p1:string>Directory</d2p1:string>
		<d2p1:string>DirectoryAux</d2p1:string>
		<d2p1:string>GeneralLedger</d2p1:string>
		<d2p1:string>Ledger</d2p1:string>
		<d2p1:string>SourceDocumentationTypes</d2p1:string>
		<d2p1:string>Tax</d2p1:string>
	</ModuleReferences>
	<Name>BoweryASVPA</Name>
	<Publisher>EPAM</Publisher>
	<SolutionId>00000000-0000-0000-0000-000000000000</SolutionId>
	<VersionBuild>0</VersionBuild>
	<VersionMajor>1</VersionMajor>
	<VersionMinor>0</VersionMinor>
	<VersionRevision>0</VersionRevision>
</AxModelInfo>