<?xml version="1.0" encoding="utf-8"?>
<AxMap xmlns:i="http://www.w3.org/2001/XMLSchema-instance">
	<Name>BankPaymAdviceTmpMapBWFASVPA</Name>
	<SourceCode>
		<Declaration><![CDATA[
public class BankPaymAdviceTmpMapBWFASVPA extends common
{
}

]]></Declaration>
		<Methods />
	</SourceCode>
	<IsObsolete>Yes</IsObsolete>
	<FieldGroups />
	<Fields>
		<AxMapBaseField xmlns=""
			i:type="AxMapFieldString">
			<Name>AccountNum</Name>
			<ExtendedDataType>CustVendAC</ExtendedDataType>
		</AxMapBaseField>
		<AxMapBaseField xmlns=""
			i:type="AxMapFieldReal">
			<Name>AmountCur</Name>
			<ExtendedDataType>AmountCurDebCred</ExtendedDataType>
		</AxMapBaseField>
		<AxMapBaseField xmlns=""
			i:type="AxMapFieldReal">
			<Name>Balance01</Name>
			<ExtendedDataType>TempReal</ExtendedDataType>
		</AxMapBaseField>
		<AxMapBaseField xmlns=""
			i:type="AxMapFieldReal">
			<Name>CashDisc</Name>
			<ExtendedDataType>CashDiscAmount</ExtendedDataType>
		</AxMapBaseField>
		<AxMapBaseField xmlns=""
			i:type="AxMapFieldString">
			<Name>CompanyAddress</Name>
			<ExtendedDataType>LogisticsAddressing</ExtendedDataType>
		</AxMapBaseField>
		<AxMapBaseField xmlns=""
			i:type="AxMapFieldString">
			<Name>CompanyCoRegNum</Name>
			<ExtendedDataType>CompanyCoRegNum</ExtendedDataType>
		</AxMapBaseField>
		<AxMapBaseField xmlns=""
			i:type="AxMapFieldString">
			<Name>CompanyGiro</Name>
			<ExtendedDataType>GiroNum</ExtendedDataType>
		</AxMapBaseField>
		<AxMapBaseField xmlns=""
			i:type="AxMapFieldString">
			<Name>CompanyPhone</Name>
			<ExtendedDataType>Phone</ExtendedDataType>
		</AxMapBaseField>
		<AxMapBaseField xmlns=""
			i:type="AxMapFieldString">
			<Name>CompanyTeleFax</Name>
			<ExtendedDataType>TeleFax</ExtendedDataType>
		</AxMapBaseField>
		<AxMapBaseField xmlns=""
			i:type="AxMapFieldString">
			<Name>ContactEmail</Name>
			<ExtendedDataType>LogisticsElectronicAddressLocator</ExtendedDataType>
		</AxMapBaseField>
		<AxMapBaseField xmlns=""
			i:type="AxMapFieldString">
			<Name>CurrencyCode</Name>
			<ExtendedDataType>CurrencyCode</ExtendedDataType>
		</AxMapBaseField>
		<AxMapBaseField xmlns=""
			i:type="AxMapFieldDate">
			<Name>DateOfCreation</Name>
			<ExtendedDataType>SysDate</ExtendedDataType>
		</AxMapBaseField>
		<AxMapBaseField xmlns=""
			i:type="AxMapFieldString">
			<Name>Grouping</Name>
			<ExtendedDataType>Name</ExtendedDataType>
		</AxMapBaseField>
		<AxMapBaseField xmlns=""
			i:type="AxMapFieldContainer">
			<Name>Image</Name>
			<ExtendedDataType>Bitmap</ExtendedDataType>
		</AxMapBaseField>
		<AxMapBaseField xmlns=""
			i:type="AxMapFieldString">
			<Name>Invoice</Name>
			<ExtendedDataType>InvoiceId</ExtendedDataType>
		</AxMapBaseField>
		<AxMapBaseField xmlns=""
			i:type="AxMapFieldDate">
			<Name>InvoiceDate</Name>
			<ExtendedDataType>TransDate</ExtendedDataType>
		</AxMapBaseField>
		<AxMapBaseField xmlns=""
			i:type="AxMapFieldDate">
			<Name>PaymAdviceDate</Name>
			<ExtendedDataType>SysDate</ExtendedDataType>
		</AxMapBaseField>
		<AxMapBaseField xmlns=""
			i:type="AxMapFieldString">
			<Name>PaymentReference</Name>
			<ExtendedDataType>Name</ExtendedDataType>
		</AxMapBaseField>
		<AxMapBaseField xmlns=""
			i:type="AxMapFieldString">
			<Name>PaymRefLabel</Name>
			<ExtendedDataType>Name</ExtendedDataType>
		</AxMapBaseField>
		<AxMapBaseField xmlns=""
			i:type="AxMapFieldEnum">
			<Name>PrintImage</Name>
			<EnumType>NoYesCombo</EnumType>
		</AxMapBaseField>
		<AxMapBaseField xmlns=""
			i:type="AxMapFieldInt">
			<Name>SessionId</Name>
			<ExtendedDataType>Integer</ExtendedDataType>
		</AxMapBaseField>
		<AxMapBaseField xmlns=""
			i:type="AxMapFieldString">
			<Name>SettledCurrencyCode</Name>
			<ExtendedDataType>CurrencyCode</ExtendedDataType>
		</AxMapBaseField>
		<AxMapBaseField xmlns=""
			i:type="AxMapFieldDate">
			<Name>TransDate</Name>
			<ExtendedDataType>TransDate</ExtendedDataType>
		</AxMapBaseField>
		<AxMapBaseField xmlns=""
			i:type="AxMapFieldInt64">
			<Name>TransId</Name>
			<ExtendedDataType>RefRecId</ExtendedDataType>
		</AxMapBaseField>
		<AxMapBaseField xmlns=""
			i:type="AxMapFieldString">
			<Name>Address</Name>
			<ExtendedDataType>Addressing</ExtendedDataType>
		</AxMapBaseField>
		<AxMapBaseField xmlns=""
			i:type="AxMapFieldString">
			<Name>Name</Name>
			<ExtendedDataType>Name</ExtendedDataType>
		</AxMapBaseField>
		<AxMapBaseField xmlns=""
			i:type="AxMapFieldEnum">
			<Name>IsWithholdingTaxCalculated</Name>
			<ExtendedDataType>TaxWithholdCalculate_TH</ExtendedDataType>
			<EnumType>NoYes</EnumType>
		</AxMapBaseField>
		<AxMapBaseField xmlns=""
			i:type="AxMapFieldReal">
			<Name>InvoiceTaxWithholdAmount</Name>
			<ExtendedDataType>TaxWithholdAmountCur</ExtendedDataType>
		</AxMapBaseField>
		<AxMapBaseField xmlns=""
			i:type="AxMapFieldEnum">
			<Name>PaymentSubTypeBWFASVPA</Name>
			<EnumType>PaymentSubTypeBWR</EnumType>
		</AxMapBaseField>
		<AxMapBaseField xmlns=""
			i:type="AxMapFieldString">
			<Name>BankChequeNum</Name>
			<ExtendedDataType>BankChequeNum</ExtendedDataType>
		</AxMapBaseField>
		<AxMapBaseField xmlns=""
			i:type="AxMapFieldString">
			<Name>BankPaymLineNumBWR</Name>
			<ExtendedDataType>BankPaymOutboundLineNumBWR</ExtendedDataType>
		</AxMapBaseField>
	</Fields>
	<Mappings>
		<AxTableMapping>
			<MappingTable>BankPaymAdviceVendTmp</MappingTable>
			<Connections>
				<AxTableMappingConnection>
					<MapField>AmountCur</MapField>
					<MapFieldTo>AmountCur</MapFieldTo>
				</AxTableMappingConnection>
				<AxTableMappingConnection>
					<MapField>Balance01</MapField>
					<MapFieldTo>Balance01</MapFieldTo>
				</AxTableMappingConnection>
				<AxTableMappingConnection>
					<MapField>CashDisc</MapField>
					<MapFieldTo>CashDisc</MapFieldTo>
				</AxTableMappingConnection>
				<AxTableMappingConnection>
					<MapField>CompanyAddress</MapField>
					<MapFieldTo>CompanyAddress</MapFieldTo>
				</AxTableMappingConnection>
				<AxTableMappingConnection>
					<MapField>CompanyCoRegNum</MapField>
					<MapFieldTo>CompanyCoRegNum</MapFieldTo>
				</AxTableMappingConnection>
				<AxTableMappingConnection>
					<MapField>CompanyGiro</MapField>
					<MapFieldTo>CompanyGiro</MapFieldTo>
				</AxTableMappingConnection>
				<AxTableMappingConnection>
					<MapField>CompanyPhone</MapField>
					<MapFieldTo>CompanyPhone</MapFieldTo>
				</AxTableMappingConnection>
				<AxTableMappingConnection>
					<MapField>CompanyTeleFax</MapField>
					<MapFieldTo>CompanyTeleFax</MapFieldTo>
				</AxTableMappingConnection>
				<AxTableMappingConnection>
					<MapField>CurrencyCode</MapField>
					<MapFieldTo>CurrencyCode</MapFieldTo>
				</AxTableMappingConnection>
				<AxTableMappingConnection>
					<MapField>DateOfCreation</MapField>
					<MapFieldTo>DateOfCreation</MapFieldTo>
				</AxTableMappingConnection>
				<AxTableMappingConnection>
					<MapField>Grouping</MapField>
					<MapFieldTo>Grouping</MapFieldTo>
				</AxTableMappingConnection>
				<AxTableMappingConnection>
					<MapField>Image</MapField>
					<MapFieldTo>Image</MapFieldTo>
				</AxTableMappingConnection>
				<AxTableMappingConnection>
					<MapField>Invoice</MapField>
					<MapFieldTo>Invoice</MapFieldTo>
				</AxTableMappingConnection>
				<AxTableMappingConnection>
					<MapField>InvoiceDate</MapField>
					<MapFieldTo>InvoiceDate</MapFieldTo>
				</AxTableMappingConnection>
				<AxTableMappingConnection>
					<MapField>PaymAdviceDate</MapField>
					<MapFieldTo>PaymAdviceDate</MapFieldTo>
				</AxTableMappingConnection>
				<AxTableMappingConnection>
					<MapField>PaymentReference</MapField>
					<MapFieldTo>PaymentReference</MapFieldTo>
				</AxTableMappingConnection>
				<AxTableMappingConnection>
					<MapField>PaymRefLabel</MapField>
					<MapFieldTo>PaymRefLabel</MapFieldTo>
				</AxTableMappingConnection>
				<AxTableMappingConnection>
					<MapField>PrintImage</MapField>
					<MapFieldTo>PrintImage</MapFieldTo>
				</AxTableMappingConnection>
				<AxTableMappingConnection>
					<MapField>SessionId</MapField>
					<MapFieldTo>SessionId</MapFieldTo>
				</AxTableMappingConnection>
				<AxTableMappingConnection>
					<MapField>SettledCurrencyCode</MapField>
					<MapFieldTo>SettledCurrencyCode</MapFieldTo>
				</AxTableMappingConnection>
				<AxTableMappingConnection>
					<MapField>TransDate</MapField>
					<MapFieldTo>TransDate</MapFieldTo>
				</AxTableMappingConnection>
				<AxTableMappingConnection>
					<MapField>Address</MapField>
					<MapFieldTo>VendAddress</MapFieldTo>
				</AxTableMappingConnection>
				<AxTableMappingConnection>
					<MapField>Name</MapField>
					<MapFieldTo>VendName</MapFieldTo>
				</AxTableMappingConnection>
				<AxTableMappingConnection>
					<MapField>IsWithholdingTaxCalculated</MapField>
					<MapFieldTo>IsWithholdingTaxCalculated</MapFieldTo>
				</AxTableMappingConnection>
				<AxTableMappingConnection>
					<MapField>InvoiceTaxWithholdAmount</MapField>
					<MapFieldTo>InvoiceTaxWithholdAmount</MapFieldTo>
				</AxTableMappingConnection>
				<AxTableMappingConnection>
					<MapField>AccountNum</MapField>
					<MapFieldTo>AccountNum</MapFieldTo>
				</AxTableMappingConnection>
				<AxTableMappingConnection>
					<MapField>ContactEmail</MapField>
					<MapFieldTo>ContactEmail</MapFieldTo>
				</AxTableMappingConnection>
				<AxTableMappingConnection>
					<MapField>TransId</MapField>
					<MapFieldTo>VendTransId</MapFieldTo>
				</AxTableMappingConnection>
				<AxTableMappingConnection>
					<MapField>PaymentSubTypeBWFASVPA</MapField>
					<MapFieldTo>PaymentSubTypeBWFASVPA</MapFieldTo>
				</AxTableMappingConnection>
				<AxTableMappingConnection>
					<MapField>BankChequeNum</MapField>
					<MapFieldTo>BankChequeNum</MapFieldTo>
				</AxTableMappingConnection>
				<AxTableMappingConnection>
					<MapField>BankPaymLineNumBWR</MapField>
					<MapFieldTo>BankPaymLineNumBWR</MapFieldTo>
				</AxTableMappingConnection>
			</Connections>
		</AxTableMapping>
		<AxTableMapping>
			<MappingTable>BankPaymAdviceCustTmp</MappingTable>
			<Connections>
				<AxTableMappingConnection>
					<MapField>AmountCur</MapField>
					<MapFieldTo>AmountCur</MapFieldTo>
				</AxTableMappingConnection>
				<AxTableMappingConnection>
					<MapField>Balance01</MapField>
					<MapFieldTo>Balance01</MapFieldTo>
				</AxTableMappingConnection>
				<AxTableMappingConnection>
					<MapField>CashDisc</MapField>
					<MapFieldTo>CashDisc</MapFieldTo>
				</AxTableMappingConnection>
				<AxTableMappingConnection>
					<MapField>CompanyAddress</MapField>
				</AxTableMappingConnection>
				<AxTableMappingConnection>
					<MapField>CompanyCoRegNum</MapField>
					<MapFieldTo>CompanyCoRegNum</MapFieldTo>
				</AxTableMappingConnection>
				<AxTableMappingConnection>
					<MapField>CompanyGiro</MapField>
					<MapFieldTo>CompanyGiro</MapFieldTo>
				</AxTableMappingConnection>
				<AxTableMappingConnection>
					<MapField>CompanyPhone</MapField>
					<MapFieldTo>CompanyPhone</MapFieldTo>
				</AxTableMappingConnection>
				<AxTableMappingConnection>
					<MapField>CompanyTeleFax</MapField>
					<MapFieldTo>CompanyTeleFax</MapFieldTo>
				</AxTableMappingConnection>
				<AxTableMappingConnection>
					<MapField>CurrencyCode</MapField>
					<MapFieldTo>CurrencyCode</MapFieldTo>
				</AxTableMappingConnection>
				<AxTableMappingConnection>
					<MapField>DateOfCreation</MapField>
					<MapFieldTo>DateOfCreation</MapFieldTo>
				</AxTableMappingConnection>
				<AxTableMappingConnection>
					<MapField>Grouping</MapField>
					<MapFieldTo>Grouping</MapFieldTo>
				</AxTableMappingConnection>
				<AxTableMappingConnection>
					<MapField>Image</MapField>
					<MapFieldTo>Image</MapFieldTo>
				</AxTableMappingConnection>
				<AxTableMappingConnection>
					<MapField>Invoice</MapField>
					<MapFieldTo>Invoice</MapFieldTo>
				</AxTableMappingConnection>
				<AxTableMappingConnection>
					<MapField>InvoiceDate</MapField>
					<MapFieldTo>InvoiceDate</MapFieldTo>
				</AxTableMappingConnection>
				<AxTableMappingConnection>
					<MapField>PaymAdviceDate</MapField>
					<MapFieldTo>PaymAdviceDate</MapFieldTo>
				</AxTableMappingConnection>
				<AxTableMappingConnection>
					<MapField>PaymentReference</MapField>
					<MapFieldTo>PaymentReference</MapFieldTo>
				</AxTableMappingConnection>
				<AxTableMappingConnection>
					<MapField>PaymRefLabel</MapField>
					<MapFieldTo>PaymRefLabel</MapFieldTo>
				</AxTableMappingConnection>
				<AxTableMappingConnection>
					<MapField>PrintImage</MapField>
					<MapFieldTo>PrintImage</MapFieldTo>
				</AxTableMappingConnection>
				<AxTableMappingConnection>
					<MapField>SessionId</MapField>
					<MapFieldTo>SessionId</MapFieldTo>
				</AxTableMappingConnection>
				<AxTableMappingConnection>
					<MapField>SettledCurrencyCode</MapField>
					<MapFieldTo>SettledCurrencyCode</MapFieldTo>
				</AxTableMappingConnection>
				<AxTableMappingConnection>
					<MapField>TransDate</MapField>
					<MapFieldTo>TransDate</MapFieldTo>
				</AxTableMappingConnection>
				<AxTableMappingConnection>
					<MapField>Address</MapField>
					<MapFieldTo>CustAddress</MapFieldTo>
				</AxTableMappingConnection>
				<AxTableMappingConnection>
					<MapField>Name</MapField>
					<MapFieldTo>CustName</MapFieldTo>
				</AxTableMappingConnection>
				<AxTableMappingConnection>
					<MapField>IsWithholdingTaxCalculated</MapField>
				</AxTableMappingConnection>
				<AxTableMappingConnection>
					<MapField>InvoiceTaxWithholdAmount</MapField>
				</AxTableMappingConnection>
				<AxTableMappingConnection>
					<MapField>AccountNum</MapField>
					<MapFieldTo>AccountNum</MapFieldTo>
				</AxTableMappingConnection>
				<AxTableMappingConnection>
					<MapField>ContactEmail</MapField>
					<MapFieldTo>ContactEmail</MapFieldTo>
				</AxTableMappingConnection>
				<AxTableMappingConnection>
					<MapField>TransId</MapField>
					<MapFieldTo>CustTransId</MapFieldTo>
				</AxTableMappingConnection>
				<AxTableMappingConnection>
					<MapField>PaymentSubTypeBWFASVPA</MapField>
				</AxTableMappingConnection>
				<AxTableMappingConnection>
					<MapField>BankChequeNum</MapField>
				</AxTableMappingConnection>
				<AxTableMappingConnection>
					<MapField>BankPaymLineNumBWR</MapField>
				</AxTableMappingConnection>
			</Connections>
		</AxTableMapping>
	</Mappings>
</AxMap>