<?xml version="1.0" encoding="utf-8"?>
<AxFormExtension xmlns:i="http://www.w3.org/2001/XMLSchema-instance" xmlns="Microsoft.Dynamics.AX.Metadata.V6">
	<Name>LedgerJournalTransVendPaym.BoweryASVPA</Name>
	<ControlModifications />
	<Controls>
		<AxFormExtensionControl xmlns="">
			<Name>FormExtensionControlvzruawu01</Name>
			<FormControl xmlns=""
				i:type="AxFormMenuFunctionButtonControl">
				<Name>SendPaymAdviceBWFASVPA</Name>
				<Type>MenuFunctionButton</Type>
				<FormControlExtension
					i:nil="true" />
				<DataSource>LedgerJournalTrans</DataSource>
				<MenuItemName>SendPaymAdviceBWFASVPA</MenuItemName>
				<MenuItemType>Action</MenuItemType>
				<MultiSelect>Yes</MultiSelect>
			</FormControl>
			<Parent>ButtonGroup</Parent>
			<PositionType>AfterItem</PositionType>
			<PreviousSibling>Print_MenuButton</PreviousSibling>
		</AxFormExtensionControl>
		<AxFormExtensionControl xmlns="">
			<Name>FormExtensionControl4ftnonxl1</Name>
			<FormControl xmlns=""
				i:type="AxFormMenuFunctionButtonControl">
				<Name>BankPaymAdviceVendV2BWFASVPA</Name>
				<Type>MenuFunctionButton</Type>
				<FormControlExtension
					i:nil="true" />
				<DataSource>LedgerJournalTrans</DataSource>
				<MenuItemName>BankPaymAdviceVendV2BWFASVPA</MenuItemName>
				<MenuItemType>Output</MenuItemType>
			</FormControl>
			<Parent>Print_MenuButton</Parent>
			<PositionType>AfterItem</PositionType>
			<PreviousSibling>BankPaymAdviceVendV2</PreviousSibling>
		</AxFormExtensionControl>
		<AxFormExtensionControl xmlns="">
			<Name>FormExtensionControlb0j1yz0d1</Name>
			<FormControl xmlns=""
				i:type="AxFormInt64Control">
				<Name>LedgerJournalTrans_EmailItemIdBWFASVPA</Name>
				<Type>Int64</Type>
				<FormControlExtension
					i:nil="true" />
				<DataField>EmailItemIdBWFASVPA</DataField>
				<DataSource>LedgerJournalTrans</DataSource>
			</FormControl>
			<Parent>overviewGrid</Parent>
		</AxFormExtensionControl>
	</Controls>
	<DataSourceModifications />
	<DataSourceReferences />
	<DataSources />
	<Parts />
	<PropertyModifications />
</AxFormExtension>