<?xml version="1.0" encoding="utf-8"?>
<AxFormExtension xmlns:i="http://www.w3.org/2001/XMLSchema-instance" xmlns="Microsoft.Dynamics.AX.Metadata.V6">
	<Name>VendParameters.BoweryASVPA</Name>
	<ControlModifications />
	<Controls>
		<AxFormExtensionControl xmlns="">
			<Name>FormExtensionControl3hqagkhf1</Name>
			<FormControl xmlns=""
				i:type="AxFormCheckBoxControl">
				<Name>VendParameters_SendPaymentAdviceBWFASVPA</Name>
				<Type>CheckBox</Type>
				<FormControlExtension
					i:nil="true" />
				<DataField>SendPaymentAdviceBWFASVPA</DataField>
				<DataSource>VendParameters</DataSource>
			</FormControl>
			<Parent>PaymentTabPage</Parent>
		</AxFormExtensionControl>
		<AxFormExtensionControl xmlns="">
			<Name>FormExtensionControlpjeq1ool1</Name>
			<FormControl xmlns=""
				i:type="AxFormTabPageControl">
				<Name>TabPaymentAdviseBWFASVPA</Name>
				<Type>TabPage</Type>
				<FormControlExtension
					i:nil="true" />
				<Controls>
					<AxFormControl xmlns=""
						i:type="AxFormGroupControl">
						<Name>PaymentAdvisePageMainTitleGroupBWFASVPA</Name>
						<Skip>Yes</Skip>
						<Type>Group</Type>
						<WidthMode>SizeToAvailable</WidthMode>
						<FormControlExtension
							i:nil="true" />
						<Controls>
							<AxFormControl xmlns=""
								i:type="AxFormStaticTextControl">
								<Name>PaymentAdvisePageMainTitleTextBWFASVPA</Name>
								<Skip>Yes</Skip>
								<Type>StaticText</Type>
								<WidthMode>SizeToAvailable</WidthMode>
								<FormControlExtension
									i:nil="true" />
								<Style>MainInstruction</Style>
								<Text>@BoweryASVPA:TPaymentAdvice</Text>
							</AxFormControl>
						</Controls>
						<AllowUserSetup>No</AllowUserSetup>
						<FrameType>None</FrameType>
						<Style>TOCTitleContainer</Style>
					</AxFormControl>
					<AxFormControl xmlns=""
						i:type="AxFormTabControl">
						<Name>PaymentAdvisePageTabsBWFASVPA</Name>
						<Type>Tab</Type>
						<FormControlExtension
							i:nil="true" />
						<Controls>
							<AxFormControl xmlns=""
								i:type="AxFormTabPageControl">
								<Name>PaymentAdvisePageTabPageGeneralBWFASVPA</Name>
								<Pattern>FieldsFieldGroups</Pattern>
								<PatternVersion>1.1</PatternVersion>
								<Type>TabPage</Type>
								<FormControlExtension
									i:nil="true" />
								<Controls>
									<AxFormControl xmlns=""
										i:type="AxFormGroupControl">
										<Name>PaymentAdviseGeneralBWFASVPA</Name>
										<Type>Group</Type>
										<FormControlExtension
											i:nil="true" />
										<Controls>
											<AxFormControl xmlns=""
												i:type="AxFormCheckBoxControl">
												<Name>PaymentAdviseGeneralBWFASVPA_SendPaymentAdviceBWFASVPA</Name>
												<Type>CheckBox</Type>
												<FormControlExtension
													i:nil="true" />
												<DataField>SendPaymentAdviceBWFASVPA</DataField>
												<DataSource>VendParameters</DataSource>
											</AxFormControl>
											<AxFormControl xmlns=""
												i:type="AxFormStringControl">
												<Name>PaymentAdviseGeneralBWFASVPA_PaymAdviceEmailIdBWFASVPA</Name>
												<Type>String</Type>
												<FormControlExtension
													i:nil="true" />
												<DataField>PaymAdviceEmailIdBWFASVPA</DataField>
												<DataSource>VendParameters</DataSource>
											</AxFormControl>
											<AxFormControl xmlns=""
												i:type="AxFormStringControl">
												<Name>PaymentAdviseGeneralBWFASVPA_VendParametersBWFASVPA_Extension_vendPaymAdviceReportFormat</Name>
												<Type>String</Type>
												<FormControlExtension
													i:nil="true" />
												<DataMethod>VendParametersBWFASVPA_Extension.vendPaymAdviceReportFormat</DataMethod>
												<DataSource>VendParameters</DataSource>
											</AxFormControl>
											<AxFormControl xmlns=""
												i:type="AxFormComboBoxControl">
												<Name>PaymentAdviseGeneralBWFASVPA_VendParametersBWFASVPA_Extension_vendPaymAdviceFileFormat</Name>
												<Type>ComboBox</Type>
												<FormControlExtension
													i:nil="true" />
												<DataMethod>VendParametersBWFASVPA_Extension.vendPaymAdviceFileFormat</DataMethod>
												<DataSource>VendParameters</DataSource>
												<Items />
											</AxFormControl>
											<AxFormControl xmlns=""
												i:type="AxFormCheckBoxControl">
												<Name>PaymentAdviseGeneralBWFASVPA_StopPaymentAdviceBWFASVPA</Name>
												<Type>CheckBox</Type>
												<FormControlExtension
													i:nil="true" />
												<DataField>StopPaymentAdviceBWFASVPA</DataField>
												<DataSource>VendParameters</DataSource>
											</AxFormControl>
										</Controls>
										<DataGroup>PaymentAdviseGeneralBWFASVPA</DataGroup>
										<DataSource>VendParameters</DataSource>
									</AxFormControl>
								</Controls>
								<ColumnsMode>Fill</ColumnsMode>
								<DataSource>VendParameters</DataSource>
							</AxFormControl>
						</Controls>
						<Style>FastTabs</Style>
					</AxFormControl>
				</Controls>
				<Caption>@BoweryASVPA:TPaymentAdvice</Caption>
			</FormControl>
			<Parent>Tab</Parent>
			<PositionType>AfterItem</PositionType>
			<PreviousSibling>TaxSettlement</PreviousSibling>
		</AxFormExtensionControl>
	</Controls>
	<DataSourceModifications />
	<DataSourceReferences />
	<DataSources />
	<Parts />
	<PropertyModifications />
</AxFormExtension>